Workbook

Sheet 06517
A1: 06517: Dwellings, by buildings' year of construction, year and utility floor space
B3: Dwellings (occupied and vacant)
B4: 2026
B5: Less than 30 square metres | C5: 30-39 square metres | D5: 40-49 square metres | E5: 50-59 square metres | F5: 60-79 square metres | G5: 80-99 square metres | H5: 100-119 square metres | I5: 120-139 square metres | J5: 140-159 square metres | K5: 160-199 square metres | L5: 200-249 square metres | M5: 250-299 square metres | N5: 300-349 square metres
A6: 1900 and earlier | B6: 6245 | C6: 7398 | D6: 10968 | E6: 12679 | F6: 23708 | G6: 19524 | H6: 16707 | I6: 13765 | J6: 11203 | K6: 16806 | L6: 12306 | M6: 5968 | N6: 2942
A7: 1901-1920 | B7: 2648 | C7: 2879 | D7: 4670 | E7: 5872 | F7: 10780 | G7: 10730 | H7: 10014 | I7: 8558 | J7: 7298 | K7: 11376 | L7: 7883 | M7: 3769 | N7: 1721
A8: 1921-1940 | B8: 4509 | C8: 6548 | D8: 9166 | E8: 14790 | F8: 19416 | G8: 15488 | H8: 14046 | I8: 12461 | J8: 11457 | K8: 18540 | L8: 14198 | M8: 6250 | N8: 2415
A9: 1941-1945 | B9: 392 | C9: 352 | D9: 413 | E9: 768 | F9: 1240 | G9: 1175 | H9: 1188 | I9: 1233 | J9: 1130 | K9: 1828 | L9: 1234 | M9: 534 | N9: 217
A10: 1946-1960 | B10: 7470 | C10: 7041 | D10: 7998 | E10: 15878 | F10: 62784 | G10: 29453 | H10: 29774 | I10: 33013 | J10: 31407 | K10: 49740 | L10: 32303 | M10: 11569 | N10: 3884
A11: 1961-1970 | B11: 9329 | C11: 10643 | D11: 10709 | E11: 11630 | F11: 38466 | G11: 28018 | H11: 25803 | I11: 25663 | J11: 27300 | K11: 51730 | L11: 32690 | M11: 11547 | N11: 3369
A12: 1971-1980 | B12: 8332 | C12: 7631 | D12: 15084 | E12: 19966 | F12: 34154 | G12: 40177 | H12: 45548 | I12: 34311 | J12: 28442 | K12: 69992 | L12: 46537 | M12: 16244 | N12: 4551
A13: 1981-1990 | B13: 5585 | C13: 3799 | D13: 7704 | E13: 15680 | F13: 33860 | G13: 27754 | H13: 31788 | I13: 24654 | J13: 22884 | K13: 59506 | L13: 49123 | M13: 23191 | N13: 8548
A14: 1991-2000 | B14: 7780 | C14: 3885 | D14: 7598 | E14: 17409 | F14: 40762 | G14: 27066 | H14: 20785 | I14: 22285 | J14: 18691 | K14: 22733 | L14: 17755 | M14: 8394 | N14: 3252
A15: 2001-2010 | B15: 9540 | C15: 9076 | D15: 17428 | E15: 23610 | F15: 58308 | G15: 39609 | H15: 26247 | I15: 23422 | J15: 19332 | K15: 23196 | L15: 16769 | M15: 8071 | N15: 3373
A16: 2011-2020 | B16: 14686 | C16: 7394 | D16: 19808 | E16: 20630 | F16: 56018 | G16: 48454 | H16: 29952 | I16: 23811 | J16: 18165 | K16: 24336 | L16: 17222 | M16: 8325 | N16: 3687
A17: 2021 and after | B17: 7691 | C17: 5895 | D17: 13135 | E17: 10484 | F17: 24795 | G17: 21327 | H17: 11986 | I17: 8892 | J17: 6718 | K17: 8947 | L17: 6337 | M17: 2998 | N17: 1349
A18: Unknown | B18: 4112 | C18: 2868 | D18: 4075 | E18: 4478 | F18: 8032 | G18: 7026 | H18: 5945 | I18: 5077 | J18: 3994 | K18: 5848 | L18: 4078 | M18: 1786 | N18: 813
A20: Population: New figures for population 2012, 2013, 2014, 2015 and 2016. Model for delineation of the dwelling population has been slightly changed, so that there is a minor break in time series before and after 2012. The dwelling population is delineated using Matrikkelen (register for ground properties, addresses and buildings) and the Population register. Variables used are type of building, building status, type of utility unit and whether people are registered living in the utility unit or building. Holiday homes and utility units registered as other than dwelling are included in the population where the Population register state there are people registered on the dwelling address. The population register is also used to overrule other information, i.e. lack of approval certificate if people are registered living at the address.In addition, dwellings are imputed in buildings without utility units if people are registered on the building address.
A21: Year of construction: First year of construction of building. From 2023 the prioritizing of the sources has been changed and the method as been improved. Unknown are most likely buildings constructed between 1900 and 1983.
A22: Utility floor space: Figures at building level are no longer used for imputing at dwelling from 2012. Population and Housing 2001 (P&H2001) is still used as source. However, when ID of utility unit is changed, P&H2001 is no longer used. This may lead to an increase in number of unknown.
A23: Contact:
A24: Jens Mathiesen, Statistics Norway
A25: +47 40 81 13 98
A26: jma@ssb.no
A28: Magnus Espeland, Statistics Norway
A29: +47 45 27 40 08
A30: epd@ssb.no
A32: Database: | B32: External PROD database O_STATMETA_24 as 2.4
A33: Internal reference code: | B33: 06517
A34: Source: | B34: Statistics Norway
A35: Official statistics
A36: Latest update: | B36: 20260303 08:00
A37: Units: | B37: dwellings
A38: Data type: | B38: Stock
A39: Reference period: | B39: 01.01.

Sheet Number_of_dwelings
B1: 15 | C1: 35 | D1: 45 | E1: 55 | F1: 70 | G1: 90 | H1: 110 | I1: 130 | J1: 150 | K1: 180 | L1: 225 | M1: 275 | N1: 325
A2: 0-1945 | B2: =SUM('06517'!B6:B9,'06517'!B18) -> 17906 | C2: =SUM('06517'!C6:C9,'06517'!C18) -> 20045 | D2: =SUM('06517'!D6:D9,'06517'!D18) -> 29292 | E2: =SUM('06517'!E6:E9,'06517'!E18) -> 38587 | F2: =SUM('06517'!F6:F9,'06517'!F18) -> 63176 | G2: =SUM('06517'!G6:G9,'06517'!G18) -> 53943 | H2: =SUM('06517'!H6:H9,'06517'!H18) -> 47900 | I2: =SUM('06517'!I6:I9,'06517'!I18) -> 41094 | ... N2: =SUM('06517'!N6:N9,'06517'!N18) -> 8108
A3: 1946-1969 | B3: =SUM('06517'!B10:B11) -> 16799 | C3: =SUM('06517'!C10:C11) -> 17684 | D3: =SUM('06517'!D10:D11) -> 18707 | E3: =SUM('06517'!E10:E11) -> 27508 | F3: =SUM('06517'!F10:F11) -> 101250 | G3: =SUM('06517'!G10:G11) -> 57471 | H3: =SUM('06517'!H10:H11) -> 55577 | I3: =SUM('06517'!I10:I11) -> 58676 | ... N3: =SUM('06517'!N10:N11) -> 7253
A4: 1970-1979 | B4: =SUM('06517'!B12) -> 8332 | C4: =SUM('06517'!C12) -> 7631 | D4: =SUM('06517'!D12) -> 15084 | E4: =SUM('06517'!E12) -> 19966 | F4: =SUM('06517'!F12) -> 34154 | G4: =SUM('06517'!G12) -> 40177 | H4: =SUM('06517'!H12) -> 45548 | I4: =SUM('06517'!I12) -> 34311 | ... N4: =SUM('06517'!N12) -> 4551
A5: 1980-1989 | B5: =SUM('06517'!B13) -> 5585 | C5: =SUM('06517'!C13) -> 3799 | D5: =SUM('06517'!D13) -> 7704 | E5: =SUM('06517'!E13) -> 15680 | F5: =SUM('06517'!F13) -> 33860 | G5: =SUM('06517'!G13) -> 27754 | H5: =SUM('06517'!H13) -> 31788 | I5: =SUM('06517'!I13) -> 24654 | ... N5: =SUM('06517'!N13) -> 8548
A6: 1990-1999 | B6: =SUM('06517'!B14) -> 7780 | C6: =SUM('06517'!C14) -> 3885 | D6: =SUM('06517'!D14) -> 7598 | E6: =SUM('06517'!E14) -> 17409 | F6: =SUM('06517'!F14) -> 40762 | G6: =SUM('06517'!G14) -> 27066 | H6: =SUM('06517'!H14) -> 20785 | I6: =SUM('06517'!I14) -> 22285 | ... N6: =SUM('06517'!N14) -> 3252
A7: 2000-2010 | B7: =SUM('06517'!B15:N15) -> 277981 | C7: =SUM('06517'!C15:O15) -> 268441 | D7: =SUM('06517'!D15:P15) -> 259365 | E7: =SUM('06517'!E15:Q15) -> 241937 | F7: =SUM('06517'!F15:R15) -> 218327 | G7: =SUM('06517'!G15:S15) -> 160019 | H7: =SUM('06517'!H15:T15) -> 120410 | I7: =SUM('06517'!I15:U15) -> 94163 | ... N7: =SUM('06517'!N15:Z15) -> 3373
A8: 2010-2020 | B8: =SUM('06517'!B16:N16) -> 292488 | C8: =SUM('06517'!C16:O16) -> 277802 | D8: =SUM('06517'!D16:P16) -> 270408 | E8: =SUM('06517'!E16:Q16) -> 250600 | F8: =SUM('06517'!F16:R16) -> 229970 | G8: =SUM('06517'!G16:S16) -> 173952 | H8: =SUM('06517'!H16:T16) -> 125498 | I8: =SUM('06517'!I16:U16) -> 95546 | ... N8: =SUM('06517'!N16:Z16) -> 3687
A9: 2021-2026

Sheet Floor_area_per_construction_yea
A2: 0-1945 | B2: =Number_of_dwelings!B2*Number_of_dwelings!B$1 -> 268590 | C2: =Number_of_dwelings!C2*Number_of_dwelings!C$1 -> 701575 | D2: =Number_of_dwelings!D2*Number_of_dwelings!D$1 -> 1318140 | E2: =Number_of_dwelings!E2*Number_of_dwelings!E$1 -> 2122285 | F2: =Number_of_dwelings!F2*Number_of_dwelings!F$1 -> 4422320 | G2: =Number_of_dwelings!G2*Number_of_dwelings!G$1 -> 4854870 | H2: =Number_of_dwelings!H2*Number_of_dwelings!H$1 -> 5269000 | I2: =Number_of_dwelings!I2*Number_of_dwelings!I$1 -> 5342220 | ... N2: =Number_of_dwelings!N2*Number_of_dwelings!N$1 -> 2635100 | O2: =SUM(B2:N2) -> 55954740
A3: 1946-1969 | B3: =Number_of_dwelings!B3*Number_of_dwelings!B$1 -> 251985 | C3: =Number_of_dwelings!C3*Number_of_dwelings!C$1 -> 618940 | D3: =Number_of_dwelings!D3*Number_of_dwelings!D$1 -> 841815 | E3: =Number_of_dwelings!E3*Number_of_dwelings!E$1 -> 1512940 | F3: =Number_of_dwelings!F3*Number_of_dwelings!F$1 -> 7087500 | G3: =Number_of_dwelings!G3*Number_of_dwelings!G$1 -> 5172390 | H3: =Number_of_dwelings!H3*Number_of_dwelings!H$1 -> 6113470 | I3: =Number_of_dwelings!I3*Number_of_dwelings!I$1 -> 7627880 | ... N3: =Number_of_dwelings!N3*Number_of_dwelings!N$1 -> 2357225 | O3: =SUM(B3:N3) -> 79635120
A4: 1970-1979 | B4: =Number_of_dwelings!B4*Number_of_dwelings!B$1 -> 124980 | C4: =Number_of_dwelings!C4*Number_of_dwelings!C$1 -> 267085 | D4: =Number_of_dwelings!D4*Number_of_dwelings!D$1 -> 678780 | E4: =Number_of_dwelings!E4*Number_of_dwelings!E$1 -> 1098130 | F4: =Number_of_dwelings!F4*Number_of_dwelings!F$1 -> 2390780 | G4: =Number_of_dwelings!G4*Number_of_dwelings!G$1 -> 3615930 | H4: =Number_of_dwelings!H4*Number_of_dwelings!H$1 -> 5010280 | I4: =Number_of_dwelings!I4*Number_of_dwelings!I$1 -> 4460430 | ... N4: =Number_of_dwelings!N4*Number_of_dwelings!N$1 -> 1479075 | O4: =SUM(B4:N4) -> 50928255
A5: 1980-1989 | B5: =Number_of_dwelings!B5*Number_of_dwelings!B$1 -> 83775 | C5: =Number_of_dwelings!C5*Number_of_dwelings!C$1 -> 132965 | D5: =Number_of_dwelings!D5*Number_of_dwelings!D$1 -> 346680 | E5: =Number_of_dwelings!E5*Number_of_dwelings!E$1 -> 862400 | F5: =Number_of_dwelings!F5*Number_of_dwelings!F$1 -> 2370200 | G5: =Number_of_dwelings!G5*Number_of_dwelings!G$1 -> 2497860 | H5: =Number_of_dwelings!H5*Number_of_dwelings!H$1 -> 3496680 | I5: =Number_of_dwelings!I5*Number_of_dwelings!I$1 -> 3205020 | ... N5: =Number_of_dwelings!N5*Number_of_dwelings!N$1 -> 2778100 | O5: =SUM(B5:N5) -> 47347560
A6: 1990-1999 | B6: =Number_of_dwelings!B6*Number_of_dwelings!B$1 -> 116700 | C6: =Number_of_dwelings!C6*Number_of_dwelings!C$1 -> 135975 | D6: =Number_of_dwelings!D6*Number_of_dwelings!D$1 -> 341910 | E6: =Number_of_dwelings!E6*Number_of_dwelings!E$1 -> 957495 | F6: =Number_of_dwelings!F6*Number_of_dwelings!F$1 -> 2853340 | G6: =Number_of_dwelings!G6*Number_of_dwelings!G$1 -> 2435940 | H6: =Number_of_dwelings!H6*Number_of_dwelings!H$1 -> 2286350 | I6: =Number_of_dwelings!I6*Number_of_dwelings!I$1 -> 2897050 | ... N6: =Number_of_dwelings!N6*Number_of_dwelings!N$1 -> 1056900 | O6: =SUM(B6:N6) -> 26280475
A7: 2000-2010 | B7: =Number_of_dwelings!B7*Number_of_dwelings!B$1 -> 4169715 | C7: =Number_of_dwelings!C7*Number_of_dwelings!C$1 -> 9395435 | D7: =Number_of_dwelings!D7*Number_of_dwelings!D$1 -> 11671425 | E7: =Number_of_dwelings!E7*Number_of_dwelings!E$1 -> 13306535 | F7: =Number_of_dwelings!F7*Number_of_dwelings!F$1 -> 15282890 | G7: =Number_of_dwelings!G7*Number_of_dwelings!G$1 -> 14401710 | H7: =Number_of_dwelings!H7*Number_of_dwelings!H$1 -> 13245100 | I7: =Number_of_dwelings!I7*Number_of_dwelings!I$1 -> 12241190 | ... N7: =Number_of_dwelings!N7*Number_of_dwelings!N$1 -> 1096225 | O7: =SUM(B7:N7) -> 124170020
A8: 2010-2020 | B8: =Number_of_dwelings!B8*Number_of_dwelings!B$1 -> 4387320 | C8: =Number_of_dwelings!C8*Number_of_dwelings!C$1 -> 9723070 | D8: =Number_of_dwelings!D8*Number_of_dwelings!D$1 -> 12168360 | E8: =Number_of_dwelings!E8*Number_of_dwelings!E$1 -> 13783000 | F8: =Number_of_dwelings!F8*Number_of_dwelings!F$1 -> 16097900 | G8: =Number_of_dwelings!G8*Number_of_dwelings!G$1 -> 15655680 | H8: =Number_of_dwelings!H8*Number_of_dwelings!H$1 -> 13804780 | I8: =Number_of_dwelings!I8*Number_of_dwelings!I$1 -> 12420980 | ... N8: =Number_of_dwelings!N8*Number_of_dwelings!N$1 -> 1198275 | O8: =SUM(B8:N8) -> 129523165

Sheet Norway_floor_data_2020
A1: Country | B1: gesamtfläche_m2 | C1: anteil 0-1945 | D1: anteil 1946-1969 | E1: anteil 1970-1979 | F1: anteil 1980-1989 | G1: anteil 1990-1999 | H1: anteil 2000-2010 | I1: anteil 2011-now
A2: Norway | B2: =SUM(Floor_area_per_construction_yea!O2:O8) -> 513839335 | C2: =Floor_area_per_construction_yea!O2/Norway_floor_data_2020!B2 -> 0.1088954 | D2: =Floor_area_per_construction_yea!O3/Norway_floor_data_2020!B2 -> 0.15498058 | E2: =Floor_area_per_construction_yea!O4/Norway_floor_data_2020!B2 -> 0.099113189 | F2: =Floor_area_per_construction_yea!O5/Norway_floor_data_2020!B2 -> 0.092144678 | G2: =Floor_area_per_construction_yea!O6/Norway_floor_data_2020!B2 -> 0.051145316 | H2: =Floor_area_per_construction_yea!O7/B2 -> 0.24165145 | I2: =Floor_area_per_construction_yea!O8/B2 -> 0.25206938
